{
    "RN ten Doeschate": 4,
    "J Yadav": 4.142857142857143,
    "R Ashwin": 5.725,
    "S Nadeem": 6.142857142857143,
    "Parvez Rasool": 6.2,
    "MC Henriques": 6.3076923076923075,
    "Z Khan": 6.36,
    "MA Starc": 6.8,
    "M Vijay": 7,
    "Sandeep Sharma": 7.03921568627451
}