{
    "RN ten Doeschate": 4,
    "J Yadav": 4.142857142857143,
    "V Kohli": 5.454545454545455,
    "R Ashwin": 5.871794871794871,
    "S Nadeem": 6.142857142857143,
    "Parvez Rasool": 6.2,
    "MC Henriques": 6.56,
    "Z Khan": 6.579310344827586,
    "M Vijay": 7,
    "GB Hogg": 7.0476190476190474
}